{"$schema":"http://schema.management.azure.com/schemas/2015-01-01/deploymentTemplate.json#","contentVersion":"1.0.0.0","parameters":{"APICONNECTION siddiq":{"type":"string"},"Sales_Lakehouse":{"type":"string"}},"variables":{},"resources":[{"name":"Sales_Pipeline","type":"pipelines","apiVersion":"2018-06-01","properties":{"activities":[{"name":"CopyData_API","type":"Copy","dependsOn":[{"activity":"Delete data1","dependencyConditions":["Completed"]}],"policy":{"timeout":"0.12:00:00","retry":0,"retryIntervalInSeconds":30,"secureOutput":false,"secureInput":false},"typeProperties":{"source":{"type":"DelimitedTextSource","storeSettings":{"type":"HttpReadSettings","requestMethod":"GET"},"formatSettings":{"type":"DelimitedTextReadSettings"},"datasetSettings":{"annotations":[],"type":"DelimitedText","typeProperties":{"location":{"type":"HttpServerLocation","relativeUrl":"Fabricdata/refs/heads/main/sales.csv"},"columnDelimiter":",","escapeChar":"\\","firstRowAsHeader":true,"quoteChar":"\""},"schema":[],"externalReferences":{"connection":"[parameters('APICONNECTION siddiq')]"}}},"sink":{"type":"DelimitedTextSink","storeSettings":{"type":"LakehouseWriteSettings"},"formatSettings":{"type":"DelimitedTextWriteSettings","fileExtension":".txt"},"datasetSettings":{"annotations":[],"linkedService":{"name":"Sales_Lakehouse","properties":{"annotations":[],"type":"Lakehouse","typeProperties":{"workspaceId":"0c825a28-baa6-49ad-a308-a46a90bbc48a","artifactId":"[parameters('Sales_Lakehouse')]","rootFolder":"Files"}}},"type":"DelimitedText","typeProperties":{"location":{"type":"LakehouseLocation","fileName":"Sales","folderPath":"Salessourcefile"},"columnDelimiter":",","escapeChar":"\\","firstRowAsHeader":true,"quoteChar":"\""},"schema":[]}},"enableStaging":false,"translator":{"type":"TabularTranslator","typeConversion":true,"typeConversionSettings":{"allowDataTruncation":true,"treatBooleanAsNumber":false}}}},{"name":"Delete data1","type":"Delete","dependsOn":[],"policy":{"timeout":"0.12:00:00","retry":0,"retryIntervalInSeconds":30,"secureOutput":false,"secureInput":false},"typeProperties":{"datasetSettings":{"annotations":[],"linkedService":{"name":"Sales_Lakehouse","properties":{"annotations":[],"type":"Lakehouse","typeProperties":{"workspaceId":"0c825a28-baa6-49ad-a308-a46a90bbc48a","artifactId":"[parameters('Sales_Lakehouse')]","rootFolder":"Files"}}},"type":"Binary","typeProperties":{"location":{"type":"LakehouseLocation","folderPath":"Salessourcefile"}}},"enableLogging":false,"storeSettings":{"type":"LakehouseReadSettings","recursive":true,"wildcardFileName":"*.csv","enablePartitionDiscovery":false}}},{"name":"Notebook1","type":"TridentNotebook","dependsOn":[{"activity":"CopyData_API","dependencyConditions":["Completed"]}],"policy":{"timeout":"0.12:00:00","retry":0,"retryIntervalInSeconds":30,"secureOutput":false,"secureInput":false},"typeProperties":{"notebookId":"1fa75ba9-890c-4a32-b99a-63be0ede9e39","workspaceId":"0c825a28-baa6-49ad-a308-a46a90bbc48a","parameters":{"table_name":{"value":"new_salesdata","type":"string"}}}}],"lastModifiedByObjectId":"08118846-f006-42be-9385-409f71a77050","lastPublishTime":"2025-09-23T15:55:14Z"},"dependsOn":[]}]}